company,esri
A,0.4166666666666667
X,1.0
B,0.1369047619047619
C,0.1369047619047619
D,0.1369047619047619
E,0.19444444444444442
F,0.19444444444444442
G,0.19444444444444442
H,0.08333333333333333
I,0.30555555555555564
J,0.30555555555555564
K,0.388888888888889
L,0.388888888888889
